Kind,year,Total
"Retail and food services sales, total",2020,6215073
Retail sales and food services excl motor vehicle and parts,2020,4970757
Retail sales and food services excl gasoline stations,2020,5784957
Retail sales and food services excl motor vehicle and parts and gasoline stations,2020,4540641
"Retail sales, total",2020,5593590
"Retail sales, total (excl. motor vehicle and parts dealers)",2020,4349274
GAFO(1),2020,1245270
Motor vehicle and parts dealers,2020,1244316
Automobile and other motor vehicle dealers,2020,1146022
Automobile dealers,2020,1055912
New car dealers,2020,931212
Used car dealers,2020,124700
"Automotive parts, acc., and tire stores",2020,98294
"Furniture, home furn, electronics, and appliance stores",2020,192243
Furniture and home furnishings stores,2020,115563
Furniture stores,2020,62943
Home furnishings stores,2020,(S)
Floor covering stores,2020,(S)
All other home furnishings stores,2020,(S)
Electronics and appliance stores,2020,76680
Household appliance stores,2020,18330
Electronics stores,2020,58350
Building mat. and garden equip. and supplies dealers,2020,425577
Building mat. and supplies dealers,2020,371027
Paint and wallpaper stores,2020,13089
Hardware stores,2020,32859
Food and beverage stores,2020,865095
Grocery stores,2020,773741
Supermarkets and other grocery (except convenience) stores,2020,741574
"Beer, wine, and liquor stores",2020,66852
Health and personal care stores,2020,348713
Pharmacies and drug stores,2020,300855
Gasoline stations,2020,430116
Clothing and clothing access. stores,2020,204196
Clothing stores,2020,138759
Men's clothing stores,2020,(S)
Women's clothing stores,2020,26164
Family clothing stores,2020,81464
Other clothing stores,2020,12771
Shoe stores,2020,28618
Jewelry stores,2020,33296
"Sporting goods, hobby, musical instrument, and book stores",2020,86380
Sporting goods stores,2020,53911
"Hobby, toy, and game stores",2020,17338
Book stores,2020,6499
General merchandise stores,2020,739679
Department stores,2020,113497
Department stores(excl. discount department stores),2020,21386
Discount dept. stores,2020,92111
Other general merchandise stores,2020,626182
Warehouse clubs and superstores,2020,535772
All other gen. merchandise stores,2020,90410
Miscellaneous store retailers,2020,132716
"Office supplies, stationery, and gift stores",2020,22772
Office supplies and stationery stores,2020,10117
"Gift, novelty, and souvenir stores",2020,12655
Used merchandise stores,2020,15385
Nonstore retailers,2020,924559
Electronic shopping and mail-order houses,2020,836722
Fuel dealers,2020,29874
Food services and drinking places,2020,621483
Drinking places,2020,(S)
Restaurants and other eating places,2020,568965
Full service restaurants,2020,(S)
Limited service eating places,2020,328431
"Retail and food services sales, total",2019,6184582
Retail sales and food services excl motor vehicle and parts,2019,4944815
Retail sales and food services excl gasoline stations,2019,5672205
Retail sales and food services excl motor vehicle and parts and gasoline stations,2019,4432438
"Retail sales, total",2019,5411037
"Retail sales, total (excl. motor vehicle and parts dealers)",2019,4171270
GAFO(1),2019,1305943
Motor vehicle and parts dealers,2019,1239767
Automobile and other motor vehicle dealers,2019,1142827
Automobile dealers,2019,1066684
New car dealers,2019,944324
Used car dealers,2019,122360
"Automotive parts, acc., and tire stores",2019,96940
"Furniture, home furn, electronics, and appliance stores",2019,211053
Furniture and home furnishings stores,2019,120517
Furniture stores,2019,64208
Home furnishings stores,2019,56309
Floor covering stores,2019,(S)
All other home furnishings stores,2019,30338
Electronics and appliance stores,2019,90536
Household appliance stores,2019,16567
Electronics stores,2019,73969
Building mat. and garden equip. and supplies dealers,2019,372432
Building mat. and supplies dealers,2019,326473
Paint and wallpaper stores,2019,12734
Hardware stores,2019,28837
Food and beverage stores,2019,773647
Grocery stores,2019,693015
Supermarkets and other grocery (except convenience) stores,2019,660216
"Beer, wine, and liquor stores",2019,56805
Health and personal care stores,2019,342569
Pharmacies and drug stores,2019,283615
Gasoline stations,2019,512377
Clothing and clothing access. stores,2019,268735
Clothing stores,2019,195850
Men's clothing stores,2019,9110
Women's clothing stores,2019,38951
Family clothing stores,2019,112191
Other clothing stores,2019,17378
Shoe stores,2019,36627
Jewelry stores,2019,32640
"Sporting goods, hobby, musical instrument, and book stores",2019,80757
Sporting goods stores,2019,45621
"Hobby, toy, and game stores",2019,16524
Book stores,2019,9126
General merchandise stores,2019,716476
Department stores,2019,134659
Department stores(excl. discount department stores),2019,39548
Discount dept. stores,2019,95111
Other general merchandise stores,2019,581817
Warehouse clubs and superstores,2019,501337
All other gen. merchandise stores,2019,80480
Miscellaneous store retailers,2019,131560
"Office supplies, stationery, and gift stores",2019,28922
Office supplies and stationery stores,2019,10719
"Gift, novelty, and souvenir stores",2019,18203
Used merchandise stores,2019,18300
Nonstore retailers,2019,761664
Electronic shopping and mail-order houses,2019,667867
Fuel dealers,2019,34970
Food services and drinking places,2019,773545
Drinking places,2019,(S)
Restaurants and other eating places,2019,675798
Full service restaurants,2019,334313
Limited service eating places,2019,341485
"Retail and food services sales, total",2018,5985075
Retail sales and food services excl motor vehicle and parts,2018,4780272
Retail sales and food services excl gasoline stations,2018,5463622
Retail sales and food services excl motor vehicle and parts and gasoline stations,2018,4258819
"Retail sales, total",2018,5253037
"Retail sales, total (excl. motor vehicle and parts dealers)",2018,4048234
GAFO(1),2018,1298524
Motor vehicle and parts dealers,2018,1204803
Automobile and other motor vehicle dealers,2018,1109805
Automobile dealers,2018,1035471
New car dealers,2018,918128
Used car dealers,2018,117343
"Automotive parts, acc., and tire stores",2018,94998
"Furniture, home furn, electronics, and appliance stores",2018,213096
Furniture and home furnishings stores,2018,119094
Furniture stores,2018,63279
Home furnishings stores,2018,55815
Floor covering stores,2018,(S)
All other home furnishings stores,2018,30049
Electronics and appliance stores,2018,94002
Household appliance stores,2018,16790
Electronics stores,2018,77212
Building mat. and garden equip. and supplies dealers,2018,366225
Building mat. and supplies dealers,2018,321264
Paint and wallpaper stores,2018,12245
Hardware stores,2018,27467
Food and beverage stores,2018,750000
Grocery stores,2018,671330
Supermarkets and other grocery (except convenience) stores,2018,640235
"Beer, wine, and liquor stores",2018,55088
Health and personal care stores,2018,337765
Pharmacies and drug stores,2018,280082
Gasoline stations,2018,521453
Clothing and clothing access. stores,2018,266881
Clothing stores,2018,194353
Men's clothing stores,2018,9222
Women's clothing stores,2018,39847
Family clothing stores,2018,109200
Other clothing stores,2018,17902
Shoe stores,2018,37253
Jewelry stores,2018,32083
"Sporting goods, hobby, musical instrument, and book stores",2018,81129
Sporting goods stores,2018,44755
"Hobby, toy, and game stores",2018,16889
Book stores,2018,9758
General merchandise stores,2018,707094
Department stores,2018,142083
Department stores(excl. discount department stores),2018,44571
Discount dept. stores,2018,97512
Other general merchandise stores,2018,565011
Warehouse clubs and superstores,2018,486683
All other gen. merchandise stores,2018,78328
Miscellaneous store retailers,2018,128408
"Office supplies, stationery, and gift stores",2018,30324
Office supplies and stationery stores,2018,11363
"Gift, novelty, and souvenir stores",2018,18961
Used merchandise stores,2018,17175
Nonstore retailers,2018,676183
Electronic shopping and mail-order houses,2018,584267
Fuel dealers,2018,36530
Food services and drinking places,2018,732038
Drinking places,2018,(S)
Restaurants and other eating places,2018,639149
Full service restaurants,2018,317874
Limited service eating places,2018,321275
"Retail and food services sales, total",2017,5732863
Retail sales and food services excl motor vehicle and parts,2017,4547167
Retail sales and food services excl gasoline stations,2017,5256711
Retail sales and food services excl motor vehicle and parts and gasoline stations,2017,4071015
"Retail sales, total",2017,5040214
"Retail sales, total (excl. motor vehicle and parts dealers)",2017,3854518
GAFO(1),2017,1274977
Motor vehicle and parts dealers,2017,1185696
Automobile and other motor vehicle dealers,2017,1092253
Automobile dealers,2017,1020587
New car dealers,2017,906487
Used car dealers,2017,114100
"Automotive parts, acc., and tire stores",2017,93443
"Furniture, home furn, electronics, and appliance stores",2017,207733
Furniture and home furnishings stores,2017,115309
Furniture stores,2017,61288
Home furnishings stores,2017,54021
Floor covering stores,2017,(S)
All other home furnishings stores,2017,29876
Electronics and appliance stores,2017,92424
Household appliance stores,2017,16806
Electronics stores,2017,75618
Building mat. and garden equip. and supplies dealers,2017,349365
Building mat. and supplies dealers,2017,305471
Paint and wallpaper stores,2017,11536
Hardware stores,2017,25891
Food and beverage stores,2017,728843
Grocery stores,2017,653178
Supermarkets and other grocery (except convenience) stores,2017,624972
"Beer, wine, and liquor stores",2017,52622
Health and personal care stores,2017,323866
Pharmacies and drug stores,2017,269054
Gasoline stations,2017,476152
Clothing and clothing access. stores,2017,261396
Clothing stores,2017,191108
Men's clothing stores,2017,9296
Women's clothing stores,2017,39212
Family clothing stores,2017,105212
Other clothing stores,2017,17822
Shoe stores,2017,36332
Jewelry stores,2017,30988
"Sporting goods, hobby, musical instrument, and book stores",2017,83896
Sporting goods stores,2017,45965
"Hobby, toy, and game stores",2017,18147
Book stores,2017,10329
General merchandise stores,2017,691891
Department stores,2017,146654
Department stores(excl. discount department stores),2017,48435
Discount dept. stores,2017,98219
Other general merchandise stores,2017,545237
Warehouse clubs and superstores,2017,470180
All other gen. merchandise stores,2017,75057
Miscellaneous store retailers,2017,123182
"Office supplies, stationery, and gift stores",2017,30061
Office supplies and stationery stores,2017,12261
"Gift, novelty, and souvenir stores",2017,17800
Used merchandise stores,2017,16739
Nonstore retailers,2017,608194
Electronic shopping and mail-order houses,2017,524639
Fuel dealers,2017,31433
Food services and drinking places,2017,692649
Drinking places,2017,25536
Restaurants and other eating places,2017,604128
Full service restaurants,2017,301767
Limited service eating places,2017,302361
"Retail and food services sales, total",2016,5506136
Retail sales and food services excl motor vehicle and parts,2016,4354219
Retail sales and food services excl gasoline stations,2016,5069993
Retail sales and food services excl motor vehicle and parts and gasoline stations,2016,3918076
"Retail sales, total",2016,4848213
"Retail sales, total (excl. motor vehicle and parts dealers)",2016,3696296
GAFO(1),2016,1267631
Motor vehicle and parts dealers,2016,1151917
Automobile and other motor vehicle dealers,2016,1059311
Automobile dealers,2016,991956
New car dealers,2016,883565
Used car dealers,2016,108391
"Automotive parts, acc., and tire stores",2016,92606
"Furniture, home furn, electronics, and appliance stores",2016,206233
Furniture and home furnishings stores,2016,112260
Furniture stores,2016,60294
Home furnishings stores,2016,51966
Floor covering stores,2016,20908
All other home furnishings stores,2016,29507
Electronics and appliance stores,2016,93973
Household appliance stores,2016,17538
Electronics stores,2016,76435
Building mat. and garden equip. and supplies dealers,2016,337787
Building mat. and supplies dealers,2016,294986
Paint and wallpaper stores,2016,10993
Hardware stores,2016,24439
Food and beverage stores,2016,702162
Grocery stores,2016,627871
Supermarkets and other grocery (except convenience) stores,2016,600946
"Beer, wine, and liquor stores",2016,51252
Health and personal care stores,2016,319171
Pharmacies and drug stores,2016,265513
Gasoline stations,2016,436143
Clothing and clothing access. stores,2016,261207
Clothing stores,2016,190328
Men's clothing stores,2016,9281
Women's clothing stores,2016,39751
Family clothing stores,2016,103229
Other clothing stores,2016,17879
Shoe stores,2016,36903
Jewelry stores,2016,30957
"Sporting goods, hobby, musical instrument, and book stores",2016,86366
Sporting goods stores,2016,48081
"Hobby, toy, and game stores",2016,18354
Book stores,2016,10716
General merchandise stores,2016,682713
Department stores,2016,154200
Department stores(excl. discount department stores),2016,52911
Discount dept. stores,2016,101289
Other general merchandise stores,2016,528513
Warehouse clubs and superstores,2016,457192
All other gen. merchandise stores,2016,71321
Miscellaneous store retailers,2016,120669
"Office supplies, stationery, and gift stores",2016,31112
Office supplies and stationery stores,2016,13283
"Gift, novelty, and souvenir stores",2016,17829
Used merchandise stores,2016,16107
Nonstore retailers,2016,543845
Electronic shopping and mail-order houses,2016,467028
Fuel dealers,2016,27510
Food services and drinking places,2016,657923
Drinking places,2016,24048
Restaurants and other eating places,2016,573494
Full service restaurants,2016,287935
Limited service eating places,2016,285559
"Retail and food services sales, total",2015,5352218
Retail sales and food services excl motor vehicle and parts,2015,4248280
Retail sales and food services excl gasoline stations,2015,4896471
Retail sales and food services excl motor vehicle and parts and gasoline stations,2015,3792533
"Retail sales, total",2015,4728119
"Retail sales, total (excl. motor vehicle and parts dealers)",2015,3624181
GAFO(1),2015,1262662
Motor vehicle and parts dealers,2015,1103938
Automobile and other motor vehicle dealers,2015,1013017
Automobile dealers,2015,949511
New car dealers,2015,848418
Used car dealers,2015,101093
"Automotive parts, acc., and tire stores",2015,90921
"Furniture, home furn, electronics, and appliance stores",2015,208073
Furniture and home furnishings stores,2015,107816
Furniture stores,2015,58291
Home furnishings stores,2015,49525
Floor covering stores,2015,19487
All other home furnishings stores,2015,28613
Electronics and appliance stores,2015,100257
Household appliance stores,2015,17374
Electronics stores,2015,82883
Building mat. and garden equip. and supplies dealers,2015,323930
Building mat. and supplies dealers,2015,281171
Paint and wallpaper stores,2015,10580
Hardware stores,2015,23699
Food and beverage stores,2015,687473
Grocery stores,2015,616086
Supermarkets and other grocery (except convenience) stores,2015,590715
"Beer, wine, and liquor stores",2015,49156
Health and personal care stores,2015,309489
Pharmacies and drug stores,2015,258452
Gasoline stations,2015,455747
Clothing and clothing access. stores,2015,256926
Clothing stores,2015,187381
Men's clothing stores,2015,9399
Women's clothing stores,2015,40239
Family clothing stores,2015,100908
Other clothing stores,2015,16997
Shoe stores,2015,35409
Jewelry stores,2015,31361
"Sporting goods, hobby, musical instrument, and book stores",2015,85554
Sporting goods stores,2015,46902
"Hobby, toy, and game stores",2015,18050
Book stores,2015,10974
General merchandise stores,2015,680138
Department stores,2015,165074
Department stores(excl. discount department stores),2015,57299
Discount dept. stores,2015,107775
Other general merchandise stores,2015,515064
Warehouse clubs and superstores,2015,447062
All other gen. merchandise stores,2015,68002
Miscellaneous store retailers,2015,118490
"Office supplies, stationery, and gift stores",2015,31971
Office supplies and stationery stores,2015,14484
"Gift, novelty, and souvenir stores",2015,17487
Used merchandise stores,2015,16099
Nonstore retailers,2015,498361
Electronic shopping and mail-order houses,2015,419146
Fuel dealers,2015,32789
Food services and drinking places,2015,624099
Drinking places,2015,22014
Restaurants and other eating places,2015,545303
Full service restaurants,2015,276598
Limited service eating places,2015,268705
"Retail and food services sales, total",2014,5218529
Retail sales and food services excl motor vehicle and parts,2014,4191532
Retail sales and food services excl gasoline stations,2014,4671465
Retail sales and food services excl motor vehicle and parts and gasoline stations,2014,3644468
"Retail sales, total",2014,4641927
"Retail sales, total (excl. motor vehicle and parts dealers)",2014,3614930
GAFO(1),2014,1241461
Motor vehicle and parts dealers,2014,1026997
Automobile and other motor vehicle dealers,2014,940173
Automobile dealers,2014,881160
New car dealers,2014,789038
Used car dealers,2014,92122
"Automotive parts, acc., and tire stores",2014,86824
"Furniture, home furn, electronics, and appliance stores",2014,203407
Furniture and home furnishings stores,2014,100510
Furniture stores,2014,53898
Home furnishings stores,2014,46612
Floor covering stores,2014,18001
All other home furnishings stores,2014,27245
Electronics and appliance stores,2014,102897
Household appliance stores,2014,17254
Electronics stores,2014,85643
Building mat. and garden equip. and supplies dealers,2014,313497
Building mat. and supplies dealers,2014,270080
Paint and wallpaper stores,2014,10217
Hardware stores,2014,22989
Food and beverage stores,2014,670536
Grocery stores,2014,601498
Supermarkets and other grocery (except convenience) stores,2014,575675
"Beer, wine, and liquor stores",2014,47395
Health and personal care stores,2014,295584
Pharmacies and drug stores,2014,247339
Gasoline stations,2014,547064
Clothing and clothing access. stores,2014,251102
Clothing stores,2014,183245
Men's clothing stores,2014,9251
Women's clothing stores,2014,41019
Family clothing stores,2014,97906
Other clothing stores,2014,15605
Shoe stores,2014,34025
Jewelry stores,2014,31147
"Sporting goods, hobby, musical instrument, and book stores",2014,83651
Sporting goods stores,2014,45095
"Hobby, toy, and game stores",2014,17436
Book stores,2014,11308
General merchandise stores,2014,670614
Department stores,2014,168778
Department stores(excl. discount department stores),2014,59419
Discount dept. stores,2014,109359
Other general merchandise stores,2014,501836
Warehouse clubs and superstores,2014,436749
All other gen. merchandise stores,2014,65087
Miscellaneous store retailers,2014,115293
"Office supplies, stationery, and gift stores",2014,32687
Office supplies and stationery stores,2014,15661
"Gift, novelty, and souvenir stores",2014,17026
Used merchandise stores,2014,15624
Nonstore retailers,2014,464182
Electronic shopping and mail-order houses,2014,377008
Fuel dealers,2014,41627
Food services and drinking places,2014,576602
Drinking places,2014,21194
Restaurants and other eating places,2014,502500
Full service restaurants,2014,255437
Limited service eating places,2014,247063
"Retail and food services sales, total",2013,5003332
Retail sales and food services excl motor vehicle and parts,2013,4041159
Retail sales and food services excl gasoline stations,2013,4449569
Retail sales and food services excl motor vehicle and parts and gasoline stations,2013,3487396
"Retail sales, total",2013,4459848
"Retail sales, total (excl. motor vehicle and parts dealers)",2013,3497675
GAFO(1),2013,1213772
Motor vehicle and parts dealers,2013,962173
Automobile and other motor vehicle dealers,2013,876637
Automobile dealers,2013,821868
New car dealers,2013,737153
Used car dealers,2013,84715
"Automotive parts, acc., and tire stores",2013,85536
"Furniture, home furn, electronics, and appliance stores",2013,199270
Furniture and home furnishings stores,2013,95734
Furniture stores,2013,51189
Home furnishings stores,2013,44545
Floor covering stores,2013,16883
All other home furnishings stores,2013,26430
Electronics and appliance stores,2013,103536
Household appliance stores,2013,17219
Electronics stores,2013,86317
Building mat. and garden equip. and supplies dealers,2013,299561
Building mat. and supplies dealers,2013,257692
Paint and wallpaper stores,2013,9411
Hardware stores,2013,21222
Food and beverage stores,2013,641546
Grocery stores,2013,575476
Supermarkets and other grocery (except convenience) stores,2013,549986
"Beer, wine, and liquor stores",2013,45647
Health and personal care stores,2013,280043
Pharmacies and drug stores,2013,233978
Gasoline stations,2013,553763
Clothing and clothing access. stores,2013,245045
Clothing stores,2013,179047
Men's clothing stores,2013,8850
Women's clothing stores,2013,41508
Family clothing stores,2013,95263
Other clothing stores,2013,14556
Shoe stores,2013,32789
Jewelry stores,2013,30419
"Sporting goods, hobby, musical instrument, and book stores",2013,82786
Sporting goods stores,2013,44577
"Hobby, toy, and game stores",2013,16920
Book stores,2013,11480
General merchandise stores,2013,653575
Department stores,2013,170560
Department stores(excl. discount department stores),2013,60029
Discount dept. stores,2013,110531
Other general merchandise stores,2013,483015
Warehouse clubs and superstores,2013,421032
All other gen. merchandise stores,2013,61983
Miscellaneous store retailers,2013,112102
"Office supplies, stationery, and gift stores",2013,33096
Office supplies and stationery stores,2013,16548
"Gift, novelty, and souvenir stores",2013,16548
Used merchandise stores,2013,15150
Nonstore retailers,2013,429984
Electronic shopping and mail-order houses,2013,346218
Fuel dealers,2013,38637
Food services and drinking places,2013,543484
Drinking places,2013,21231
Restaurants and other eating places,2013,471674
Full service restaurants,2013,236866
Limited service eating places,2013,234808
"Retail and food services sales, total",2012,4826390
Retail sales and food services excl motor vehicle and parts,2012,3939896
Retail sales and food services excl gasoline stations,2012,4270971
Retail sales and food services excl motor vehicle and parts and gasoline stations,2012,3384477
"Retail sales, total",2012,4302229
"Retail sales, total (excl. motor vehicle and parts dealers)",2012,3415735
GAFO(1),2012,1191843
Motor vehicle and parts dealers,2012,886494
Automobile and other motor vehicle dealers,2012,802359
Automobile dealers,2012,752778
New car dealers,2012,672550
Used car dealers,2012,80228
"Automotive parts, acc., and tire stores",2012,84135
"Furniture, home furn, electronics, and appliance stores",2012,195424
Furniture and home furnishings stores,2012,91542
Furniture stores,2012,49752
Home furnishings stores,2012,41790
Floor covering stores,2012,15483
All other home furnishings stores,2012,25195
Electronics and appliance stores,2012,103882
Household appliance stores,2012,16415
Electronics stores,2012,87467
Building mat. and garden equip. and supplies dealers,2012,281533
Building mat. and supplies dealers,2012,242176
Paint and wallpaper stores,2012,9134
Hardware stores,2012,20747
Food and beverage stores,2012,628205
Grocery stores,2012,563645
Supermarkets and other grocery (except convenience) stores,2012,539180
"Beer, wine, and liquor stores",2012,44365
Health and personal care stores,2012,274000
Pharmacies and drug stores,2012,229951
Gasoline stations,2012,555419
Clothing and clothing access. stores,2012,239493
Clothing stores,2012,176131
Men's clothing stores,2012,8272
Women's clothing stores,2012,41794
Family clothing stores,2012,92631
Other clothing stores,2012,13941
Shoe stores,2012,31039
Jewelry stores,2012,29862
"Sporting goods, hobby, musical instrument, and book stores",2012,81159
Sporting goods stores,2012,42142
"Hobby, toy, and game stores",2012,16620
Book stores,2012,12269
General merchandise stores,2012,642313
Department stores,2012,177313
Department stores(excl. discount department stores),2012,62961
Discount dept. stores,2012,114352
Other general merchandise stores,2012,465000
Warehouse clubs and superstores,2012,406309
All other gen. merchandise stores,2012,58691
Miscellaneous store retailers,2012,110018
"Office supplies, stationery, and gift stores",2012,33454
Office supplies and stationery stores,2012,17401
"Gift, novelty, and souvenir stores",2012,16053
Used merchandise stores,2012,14728
Nonstore retailers,2012,408171
Electronic shopping and mail-order houses,2012,328655
Fuel dealers,2012,35935
Food services and drinking places,2012,524161
Drinking places,2012,21421
Restaurants and other eating places,2012,453168
Full service restaurants,2012,227210
Limited service eating places,2012,225958
"Retail and food services sales, total",2011,4598302
Retail sales and food services excl motor vehicle and parts,2011,3785364
Retail sales and food services excl gasoline stations,2011,4064845
Retail sales and food services excl motor vehicle and parts and gasoline stations,2011,3251907
"Retail sales, total",2011,4102952
"Retail sales, total (excl. motor vehicle and parts dealers)",2011,3290014
GAFO(1),2011,1155666
Motor vehicle and parts dealers,2011,812938
Automobile and other motor vehicle dealers,2011,729974
Automobile dealers,2011,684505
New car dealers,2011,608788
Used car dealers,2011,75717
"Automotive parts, acc., and tire stores",2011,82964
"Furniture, home furn, electronics, and appliance stores",2011,189564
Furniture and home furnishings stores,2011,87586
Furniture stores,2011,47658
Home furnishings stores,2011,39928
Floor covering stores,2011,14758
All other home furnishings stores,2011,24080
Electronics and appliance stores,2011,101978
Household appliance stores,2011,15807
Electronics stores,2011,86171
Building mat. and garden equip. and supplies dealers,2011,269480
Building mat. and supplies dealers,2011,232649
Paint and wallpaper stores,2011,8423
Hardware stores,2011,20041
Food and beverage stores,2011,609137
Grocery stores,2011,547476
Supermarkets and other grocery (except convenience) stores,2011,523371
"Beer, wine, and liquor stores",2011,42392
Health and personal care stores,2011,271612
Pharmacies and drug stores,2011,231249
Gasoline stations,2011,533457
Clothing and clothing access. stores,2011,228606
Clothing stores,2011,168095
Men's clothing stores,2011,7860
Women's clothing stores,2011,40048
Family clothing stores,2011,88272
Other clothing stores,2011,12671
Shoe stores,2011,29260
Jewelry stores,2011,29050
"Sporting goods, hobby, musical instrument, and book stores",2011,78647
Sporting goods stores,2011,38995
"Hobby, toy, and game stores",2011,16119
Book stores,2011,13716
General merchandise stores,2011,624766
Department stores,2011,183361
Department stores(excl. discount department stores),2011,65738
Discount dept. stores,2011,117623
Other general merchandise stores,2011,441405
Warehouse clubs and superstores,2011,386343
All other gen. merchandise stores,2011,55062
Miscellaneous store retailers,2011,108401
"Office supplies, stationery, and gift stores",2011,34083
Office supplies and stationery stores,2011,18117
"Gift, novelty, and souvenir stores",2011,15966
Used merchandise stores,2011,13248
Nonstore retailers,2011,376344
Electronic shopping and mail-order houses,2011,294697
Fuel dealers,2011,39469
Food services and drinking places,2011,495350
Drinking places,2011,20568
Restaurants and other eating places,2011,428128
Full service restaurants,2011,213880
Limited service eating places,2011,214248
"Retail and food services sales, total",2010,4284968
Retail sales and food services excl motor vehicle and parts,2010,3542055
Retail sales and food services excl gasoline stations,2010,3836619
Retail sales and food services excl motor vehicle and parts and gasoline stations,2010,3093706
"Retail sales, total",2010,3818048
"Retail sales, total (excl. motor vehicle and parts dealers)",2010,3075135
GAFO(1),2010,1114374
Motor vehicle and parts dealers,2010,742913
Automobile and other motor vehicle dealers,2010,664974
Automobile dealers,2010,621180
New car dealers,2010,549473
Used car dealers,2010,71707
"Automotive parts, acc., and tire stores",2010,77939
"Furniture, home furn, electronics, and appliance stores",2010,184794
Furniture and home furnishings stores,2010,85205
Furniture stores,2010,46664
Home furnishings stores,2010,38541
Floor covering stores,2010,14573
All other home furnishings stores,2010,22868
Electronics and appliance stores,2010,99589
Household appliance stores,2010,15456
Electronics stores,2010,84133
Building mat. and garden equip. and supplies dealers,2010,260566
Building mat. and supplies dealers,2010,225712
Paint and wallpaper stores,2010,7972
Hardware stores,2010,18706
Food and beverage stores,2010,580530
Grocery stores,2010,520750
Supermarkets and other grocery (except convenience) stores,2010,498006
"Beer, wine, and liquor stores",2010,41401
Health and personal care stores,2010,260435
Pharmacies and drug stores,2010,222230
Gasoline stations,2010,448349
Clothing and clothing access. stores,2010,213286
Clothing stores,2010,158276
Men's clothing stores,2010,7285
Women's clothing stores,2010,37690
Family clothing stores,2010,84508
Other clothing stores,2010,11704
Shoe stores,2010,27233
Jewelry stores,2010,25909
"Sporting goods, hobby, musical instrument, and book stores",2010,78227
Sporting goods stores,2010,37407
"Hobby, toy, and game stores",2010,15805
Book stores,2010,15238
General merchandise stores,2010,603757
Department stores,2010,184755
Department stores(excl. discount department stores),2010,64901
Discount dept. stores,2010,119854
Other general merchandise stores,2010,419002
Warehouse clubs and superstores,2010,367993
All other gen. merchandise stores,2010,51009
Miscellaneous store retailers,2010,104234
"Office supplies, stationery, and gift stores",2010,34310
Office supplies and stationery stores,2010,18774
"Gift, novelty, and souvenir stores",2010,15536
Used merchandise stores,2010,11800
Nonstore retailers,2010,340957
Electronic shopping and mail-order houses,2010,263488
Fuel dealers,2010,35524
Food services and drinking places,2010,466920
Drinking places,2010,20200
Restaurants and other eating places,2010,401956
Full service restaurants,2010,198699
Limited service eating places,2010,203257
"Retail and food services sales, total",2009,4064476
Retail sales and food services excl motor vehicle and parts,2009,3392704
Retail sales and food services excl gasoline stations,2009,3673242
Retail sales and food services excl motor vehicle and parts and gasoline stations,2009,3001470
"Retail sales, total",2009,3612471
"Retail sales, total (excl. motor vehicle and parts dealers)",2009,2940699
GAFO(1),2009,1088197
Motor vehicle and parts dealers,2009,671772
Automobile and other motor vehicle dealers,2009,597546
Automobile dealers,2009,551996
New car dealers,2009,486565
Used car dealers,2009,65431
"Automotive parts, acc., and tire stores",2009,74226
"Furniture, home furn, electronics, and appliance stores",2009,182648
Furniture and home furnishings stores,2009,84749
Furniture stores,2009,45810
Home furnishings stores,2009,38939
Floor covering stores,2009,15302
All other home furnishings stores,2009,22468
Electronics and appliance stores,2009,97899
Household appliance stores,2009,15289
Electronics stores,2009,82610
Building mat. and garden equip. and supplies dealers,2009,261637
Building mat. and supplies dealers,2009,227474
Paint and wallpaper stores,2009,7956
Hardware stores,2009,18667
Food and beverage stores,2009,568418
Grocery stores,2009,510033
Supermarkets and other grocery (except convenience) stores,2009,489028
"Beer, wine, and liquor stores",2009,40245
Health and personal care stores,2009,252794
Pharmacies and drug stores,2009,217260
Gasoline stations,2009,391234
Clothing and clothing access. stores,2009,204475
Clothing stores,2009,151370
Men's clothing stores,2009,7353
Women's clothing stores,2009,36055
Family clothing stores,2009,80924
Other clothing stores,2009,11356
Shoe stores,2009,25646
Jewelry stores,2009,25698
"Sporting goods, hobby, musical instrument, and book stores",2009,77678
Sporting goods stores,2009,36574
"Hobby, toy, and game stores",2009,15530
Book stores,2009,15802
General merchandise stores,2009,588918
Department stores,2009,186583
Department stores(excl. discount department stores),2009,63340
Discount dept. stores,2009,123243
Other general merchandise stores,2009,402335
Warehouse clubs and superstores,2009,354529
All other gen. merchandise stores,2009,47806
Miscellaneous store retailers,2009,101745
"Office supplies, stationery, and gift stores",2009,34478
Office supplies and stationery stores,2009,19397
"Gift, novelty, and souvenir stores",2009,15081
Used merchandise stores,2009,10872
Nonstore retailers,2009,311152
Electronic shopping and mail-order houses,2009,235625
Fuel dealers,2009,33459
Food services and drinking places,2009,452005
Drinking places,2009,19966
Restaurants and other eating places,2009,388726
Full service restaurants,2009,193847
Limited service eating places,2009,194879
"Retail and food services sales, total",2008,4391580
Retail sales and food services excl motor vehicle and parts,2008,3605715
Retail sales and food services excl gasoline stations,2008,3887941
Retail sales and food services excl motor vehicle and parts and gasoline stations,2008,3102076
"Retail sales, total",2008,3935315
"Retail sales, total (excl. motor vehicle and parts dealers)",2008,3149450
GAFO(1),2008,1136376
Motor vehicle and parts dealers,2008,785865
Automobile and other motor vehicle dealers,2008,709547
Automobile dealers,2008,649505
New car dealers,2008,575593
Used car dealers,2008,73912
"Automotive parts, acc., and tire stores",2008,76318
"Furniture, home furn, electronics, and appliance stores",2008,207104
Furniture and home furnishings stores,2008,98720
Furniture stores,2008,52708
Home furnishings stores,2008,46012
Floor covering stores,2008,18764
All other home furnishings stores,2008,25696
Electronics and appliance stores,2008,108384
Household appliance stores,2008,16988
Electronics stores,2008,91396
Building mat. and garden equip. and supplies dealers,2008,301833
Building mat. and supplies dealers,2008,263082
Paint and wallpaper stores,2008,9415
Hardware stores,2008,20072
Food and beverage stores,2008,569276
Grocery stores,2008,511222
Supermarkets and other grocery (except convenience) stores,2008,488540
"Beer, wine, and liquor stores",2008,39504
Health and personal care stores,2008,246573
Pharmacies and drug stores,2008,210857
Gasoline stations,2008,503639
Clothing and clothing access. stores,2008,215583
Clothing stores,2008,157702
Men's clothing stores,2008,8351
Women's clothing stores,2008,38402
Family clothing stores,2008,82799
Other clothing stores,2008,11764
Shoe stores,2008,26975
Jewelry stores,2008,28993
"Sporting goods, hobby, musical instrument, and book stores",2008,80561
Sporting goods stores,2008,36777
"Hobby, toy, and game stores",2008,16107
Book stores,2008,16801
General merchandise stores,2008,595041
Department stores,2008,198236
Department stores(excl. discount department stores),2008,71149
Discount dept. stores,2008,127087
Other general merchandise stores,2008,396805
Warehouse clubs and superstores,2008,351226
All other gen. merchandise stores,2008,45579
Miscellaneous store retailers,2008,110688
"Office supplies, stationery, and gift stores",2008,38087
Office supplies and stationery stores,2008,21272
"Gift, novelty, and souvenir stores",2008,16815
Used merchandise stores,2008,11242
Nonstore retailers,2008,319152
Electronic shopping and mail-order houses,2008,229242
Fuel dealers,2008,43575
Food services and drinking places,2008,456265
Drinking places,2008,20230
Restaurants and other eating places,2008,391048
Full service restaurants,2008,197053
Limited service eating places,2008,193995
"Retail and food services sales, total",2007,4439733
Retail sales and food services excl motor vehicle and parts,2007,3529594
Retail sales and food services excl gasoline stations,2007,3987911
Retail sales and food services excl motor vehicle and parts and gasoline stations,2007,3077772
"Retail sales, total",2007,3995182
"Retail sales, total (excl. motor vehicle and parts dealers)",2007,3085043
GAFO(1),2007,1143426
Motor vehicle and parts dealers,2007,910139
Automobile and other motor vehicle dealers,2007,835404
Automobile dealers,2007,767403
New car dealers,2007,687707
Used car dealers,2007,79696
"Automotive parts, acc., and tire stores",2007,74735
"Furniture, home furn, electronics, and appliance stores",2007,221485
Furniture and home furnishings stores,2007,111144
Furniture stores,2007,59288
Home furnishings stores,2007,51856
Floor covering stores,2007,22071
All other home furnishings stores,2007,28063
Electronics and appliance stores,2007,110341
Household appliance stores,2007,17799
Electronics stores,2007,92542
Building mat. and garden equip. and supplies dealers,2007,320854
Building mat. and supplies dealers,2007,283847
Paint and wallpaper stores,2007,10166
Hardware stores,2007,20509
Food and beverage stores,2007,547837
Grocery stores,2007,491360
Supermarkets and other grocery (except convenience) stores,2007,468364
"Beer, wine, and liquor stores",2007,38128
Health and personal care stores,2007,237164
Pharmacies and drug stores,2007,202284
Gasoline stations,2007,451822
Clothing and clothing access. stores,2007,221205
Clothing stores,2007,161622
Men's clothing stores,2007,8772
Women's clothing stores,2007,40294
Family clothing stores,2007,84592
Other clothing stores,2007,12003
Shoe stores,2007,26811
Jewelry stores,2007,30820
"Sporting goods, hobby, musical instrument, and book stores",2007,80909
Sporting goods stores,2007,35804
"Hobby, toy, and game stores",2007,16344
Book stores,2007,17171
General merchandise stores,2007,578582
Department stores,2007,209392
Department stores(excl. discount department stores),2007,76887
Discount dept. stores,2007,132505
Other general merchandise stores,2007,369190
Warehouse clubs and superstores,2007,324963
All other gen. merchandise stores,2007,44227
Miscellaneous store retailers,2007,116418
"Office supplies, stationery, and gift stores",2007,41245
Office supplies and stationery stores,2007,23204
"Gift, novelty, and souvenir stores",2007,18041
Used merchandise stores,2007,10930
Nonstore retailers,2007,308767
Electronic shopping and mail-order houses,2007,223681
Fuel dealers,2007,37436
Food services and drinking places,2007,444551
Drinking places,2007,19888
Restaurants and other eating places,2007,381506
Full service restaurants,2007,195505
Limited service eating places,2007,186001
"Retail and food services sales, total",2006,4294359
Retail sales and food services excl motor vehicle and parts,2006,3394362
Retail sales and food services excl gasoline stations,2006,3872383
Retail sales and food services excl motor vehicle and parts and gasoline stations,2006,2972386
"Retail sales, total",2006,3871573
"Retail sales, total (excl. motor vehicle and parts dealers)",2006,2971576
GAFO(1),2006,1110155
Motor vehicle and parts dealers,2006,899997
Automobile and other motor vehicle dealers,2006,827722
Automobile dealers,2006,760798
New car dealers,2006,685622
Used car dealers,2006,75176
"Automotive parts, acc., and tire stores",2006,72275
"Furniture, home furn, electronics, and appliance stores",2006,222886
Furniture and home furnishings stores,2006,112795
Furniture stores,2006,60122
Home furnishings stores,2006,52673
Floor covering stores,2006,23154
All other home furnishings stores,2006,27724
Electronics and appliance stores,2006,110091
Household appliance stores,2006,17745
Electronics stores,2006,92346
Building mat. and garden equip. and supplies dealers,2006,334130
Building mat. and supplies dealers,2006,299382
Paint and wallpaper stores,2006,10332
Hardware stores,2006,19983
Food and beverage stores,2006,525232
Grocery stores,2006,471699
Supermarkets and other grocery (except convenience) stores,2006,448692
"Beer, wine, and liquor stores",2006,36016
Health and personal care stores,2006,223336
Pharmacies and drug stores,2006,191018
Gasoline stations,2006,421976
Clothing and clothing access. stores,2006,213189
Clothing stores,2006,154546
Men's clothing stores,2006,8844
Women's clothing stores,2006,38809
Family clothing stores,2006,81712
Other clothing stores,2006,11042
Shoe stores,2006,26682
Jewelry stores,2006,30103
"Sporting goods, hobby, musical instrument, and book stores",2006,78534
Sporting goods stores,2006,33869
"Hobby, toy, and game stores",2006,16020
Book stores,2006,16978
General merchandise stores,2006,554256
Department stores,2006,213155
Department stores(excl. discount department stores),2006,80297
Discount dept. stores,2006,132858
Other general merchandise stores,2006,341101
Warehouse clubs and superstores,2006,297956
All other gen. merchandise stores,2006,43145
Miscellaneous store retailers,2006,113694
"Office supplies, stationery, and gift stores",2006,41290
Office supplies and stationery stores,2006,22788
"Gift, novelty, and souvenir stores",2006,18502
Used merchandise stores,2006,10413
Nonstore retailers,2006,284343
Electronic shopping and mail-order houses,2006,202251
Fuel dealers,2006,35480
Food services and drinking places,2006,422786
Drinking places,2006,19333
Restaurants and other eating places,2006,364280
Full service restaurants,2006,186091
Limited service eating places,2006,178189
"Retail and food services sales, total",2005,4085746
Retail sales and food services excl motor vehicle and parts,2005,3197439
Retail sales and food services excl gasoline stations,2005,3706823
Retail sales and food services excl motor vehicle and parts and gasoline stations,2005,2818516
"Retail sales, total",2005,3689283
"Retail sales, total (excl. motor vehicle and parts dealers)",2005,2800976
GAFO(1),2005,1059599
Motor vehicle and parts dealers,2005,888307
Automobile and other motor vehicle dealers,2005,818242
Automobile dealers,2005,753071
New car dealers,2005,681947
Used car dealers,2005,71124
"Automotive parts, acc., and tire stores",2005,70065
"Furniture, home furn, electronics, and appliance stores",2005,215242
Furniture and home furnishings stores,2005,109120
Furniture stores,2005,58745
Home furnishings stores,2005,50375
Floor covering stores,2005,22125
All other home furnishings stores,2005,26579
Electronics and appliance stores,2005,106122
Household appliance stores,2005,16792
Electronics stores,2005,89330
Building mat. and garden equip. and supplies dealers,2005,320802
Building mat. and supplies dealers,2005,286604
Paint and wallpaper stores,2005,9842
Hardware stores,2005,18881
Food and beverage stores,2005,508484
Grocery stores,2005,457667
Supermarkets and other grocery (except convenience) stores,2005,435523
"Beer, wine, and liquor stores",2005,33567
Health and personal care stores,2005,210085
Pharmacies and drug stores,2005,179170
Gasoline stations,2005,378923
Clothing and clothing access. stores,2005,200969
Clothing stores,2005,145575
Men's clothing stores,2005,8737
Women's clothing stores,2005,37075
Family clothing stores,2005,77292
Other clothing stores,2005,10144
Shoe stores,2005,25263
Jewelry stores,2005,28421
"Sporting goods, hobby, musical instrument, and book stores",2005,75228
Sporting goods stores,2005,30713
"Hobby, toy, and game stores",2005,16255
Book stores,2005,16992
General merchandise stores,2005,528385
Department stores,2005,215266
Department stores(excl. discount department stores),2005,84751
Discount dept. stores,2005,130515
Other general merchandise stores,2005,313119
Warehouse clubs and superstores,2005,271920
All other gen. merchandise stores,2005,41199
Miscellaneous store retailers,2005,107279
"Office supplies, stationery, and gift stores",2005,39775
Office supplies and stationery stores,2005,22162
"Gift, novelty, and souvenir stores",2005,17613
Used merchandise stores,2005,9320
Nonstore retailers,2005,255579
Electronic shopping and mail-order houses,2005,175900
Fuel dealers,2005,34311
Food services and drinking places,2005,396463
Drinking places,2005,18053
Restaurants and other eating places,2005,343153
Full service restaurants,2005,174119
Limited service eating places,2005,169034
"Retail and food services sales, total",2004,3846605
Retail sales and food services excl motor vehicle and parts,2004,2980233
Retail sales and food services excl gasoline stations,2004,3522599
Retail sales and food services excl motor vehicle and parts and gasoline stations,2004,2656227
"Retail sales, total",2004,3473048
"Retail sales, total (excl. motor vehicle and parts dealers)",2004,2606676
GAFO(1),2004,1003891
Motor vehicle and parts dealers,2004,866372
Automobile and other motor vehicle dealers,2004,799589
Automobile dealers,2004,738074
New car dealers,2004,670553
Used car dealers,2004,67521
"Automotive parts, acc., and tire stores",2004,66783
"Furniture, home furn, electronics, and appliance stores",2004,203770
Furniture and home furnishings stores,2004,103757
Furniture stores,2004,55849
Home furnishings stores,2004,47908
Floor covering stores,2004,20907
All other home furnishings stores,2004,25579
Electronics and appliance stores,2004,100013
Household appliance stores,2004,15608
Electronics stores,2004,84405
Building mat. and garden equip. and supplies dealers,2004,295274
Building mat. and supplies dealers,2004,261200
Paint and wallpaper stores,2004,8880
Hardware stores,2004,18300
Food and beverage stores,2004,490380
Grocery stores,2004,441136
Supermarkets and other grocery (except convenience) stores,2004,418805
"Beer, wine, and liquor stores",2004,32189
Health and personal care stores,2004,199290
Pharmacies and drug stores,2004,169231
Gasoline stations,2004,324006
Clothing and clothing access. stores,2004,190253
Clothing stores,2004,137289
Men's clothing stores,2004,8566
Women's clothing stores,2004,34954
Family clothing stores,2004,72444
Other clothing stores,2004,9983
Shoe stores,2004,23685
Jewelry stores,2004,27623
"Sporting goods, hobby, musical instrument, and book stores",2004,73167
Sporting goods stores,2004,28640
"Hobby, toy, and game stores",2004,16314
Book stores,2004,16881
General merchandise stores,2004,497382
Department stores,2004,215691
Department stores(excl. discount department stores),2004,84466
Discount dept. stores,2004,131225
Other general merchandise stores,2004,281691
Warehouse clubs and superstores,2004,242330
All other gen. merchandise stores,2004,39361
Miscellaneous store retailers,2004,104177
"Office supplies, stationery, and gift stores",2004,39319
Office supplies and stationery stores,2004,21685
"Gift, novelty, and souvenir stores",2004,17634
Used merchandise stores,2004,9271
Nonstore retailers,2004,228977
Electronic shopping and mail-order houses,2004,154157
Fuel dealers,2004,30345
Food services and drinking places,2004,373557
Drinking places,2004,17605
Restaurants and other eating places,2004,323584
Full service restaurants,2004,165099
Limited service eating places,2004,158485
"Retail and food services sales, total",2003,3612457
Retail sales and food services excl motor vehicle and parts,2003,2770869
Retail sales and food services excl gasoline stations,2003,3337270
Retail sales and food services excl motor vehicle and parts and gasoline stations,2003,2495682
"Retail sales, total",2003,3262731
"Retail sales, total (excl. motor vehicle and parts dealers)",2003,2421143
GAFO(1),2003,946114
Motor vehicle and parts dealers,2003,841588
Automobile and other motor vehicle dealers,2003,777372
Automobile dealers,2003,722260
New car dealers,2003,659205
Used car dealers,2003,63055
"Automotive parts, acc., and tire stores",2003,64216
"Furniture, home furn, electronics, and appliance stores",2003,189586
Furniture and home furnishings stores,2003,96736
Furniture stores,2003,51719
Home furnishings stores,2003,45017
Floor covering stores,2003,19543
All other home furnishings stores,2003,24213
Electronics and appliance stores,2003,92850
Household appliance stores,2003,14464
Electronics stores,2003,78386
Building mat. and garden equip. and supplies dealers,2003,263463
Building mat. and supplies dealers,2003,230971
Paint and wallpaper stores,2003,8478
Hardware stores,2003,17674
Food and beverage stores,2003,474385
Grocery stores,2003,427987
Supermarkets and other grocery (except convenience) stores,2003,406274
"Beer, wine, and liquor stores",2003,30469
Health and personal care stores,2003,192426
Pharmacies and drug stores,2003,165524
Gasoline stations,2003,275187
Clothing and clothing access. stores,2003,178694
Clothing stores,2003,128361
Men's clothing stores,2003,8249
Women's clothing stores,2003,32565
Family clothing stores,2003,67494
Other clothing stores,2003,9223
Shoe stores,2003,23167
Jewelry stores,2003,25493
"Sporting goods, hobby, musical instrument, and book stores",2003,70359
Sporting goods stores,2003,27000
"Hobby, toy, and game stores",2003,16582
Book stores,2003,16219
General merchandise stores,2003,468771
Department stores,2003,214470
Department stores(excl. discount department stores),2003,85146
Discount dept. stores,2003,129324
Other general merchandise stores,2003,254301
Warehouse clubs and superstores,2003,216286
All other gen. merchandise stores,2003,38015
Miscellaneous store retailers,2003,101913
"Office supplies, stationery, and gift stores",2003,38704
Office supplies and stationery stores,2003,21017
"Gift, novelty, and souvenir stores",2003,17687
Used merchandise stores,2003,9214
Nonstore retailers,2003,206359
Electronic shopping and mail-order houses,2003,134304
Fuel dealers,2003,28414
Food services and drinking places,2003,349726
Drinking places,2003,17259
Restaurants and other eating places,2003,302113
Full service restaurants,2003,155314
Limited service eating places,2003,146799
"Retail and food services sales, total",2002,3459077
Retail sales and food services excl motor vehicle and parts,2002,2640266
Retail sales and food services excl gasoline stations,2002,3208458
Retail sales and food services excl motor vehicle and parts and gasoline stations,2002,2389647
"Retail sales, total",2002,3128552
"Retail sales, total (excl. motor vehicle and parts dealers)",2002,2309741
GAFO(1),2002,912707
Motor vehicle and parts dealers,2002,818811
Automobile and other motor vehicle dealers,2002,756189
Automobile dealers,2002,706682
New car dealers,2002,645759
Used car dealers,2002,60923
"Automotive parts, acc., and tire stores",2002,62622
"Furniture, home furn, electronics, and appliance stores",2002,185646
Furniture and home furnishings stores,2002,94438
Furniture stores,2002,51264
Home furnishings stores,2002,43174
Floor covering stores,2002,19025
All other home furnishings stores,2002,22897
Electronics and appliance stores,2002,91208
Household appliance stores,2002,14205
Electronics stores,2002,77003
Building mat. and garden equip. and supplies dealers,2002,248539
Building mat. and supplies dealers,2002,217184
Paint and wallpaper stores,2002,8096
Hardware stores,2002,16962
Food and beverage stores,2002,464856
Grocery stores,2002,419813
Supermarkets and other grocery (except convenience) stores,2002,397272
"Beer, wine, and liquor stores",2002,29894
Health and personal care stores,2002,179983
Pharmacies and drug stores,2002,153936
Gasoline stations,2002,250619
Clothing and clothing access. stores,2002,172304
Clothing stores,2002,122834
Men's clothing stores,2002,8112
Women's clothing stores,2002,31246
Family clothing stores,2002,64289
Other clothing stores,2002,8766
Shoe stores,2002,23201
Jewelry stores,2002,24638
"Sporting goods, hobby, musical instrument, and book stores",2002,69212
Sporting goods stores,2002,26219
"Hobby, toy, and game stores",2002,16909
Book stores,2002,15437
General merchandise stores,2002,446520
Department stores,2002,220743
Department stores(excl. discount department stores),2002,86857
Discount dept. stores,2002,133886
Other general merchandise stores,2002,225777
Warehouse clubs and superstores,2002,191252
All other gen. merchandise stores,2002,34525
Miscellaneous store retailers,2002,102783
"Office supplies, stationery, and gift stores",2002,39025
Office supplies and stationery stores,2002,20961
"Gift, novelty, and souvenir stores",2002,18064
Used merchandise stores,2002,9500
Nonstore retailers,2002,189279
Electronic shopping and mail-order houses,2002,122214
Fuel dealers,2002,23981
Food services and drinking places,2002,330525
Drinking places,2002,16330
Restaurants and other eating places,2002,285492
Full service restaurants,2002,147537
Limited service eating places,2002,137955
"Retail and food services sales, total",2001,3378906
Retail sales and food services excl motor vehicle and parts,2001,2563327
Retail sales and food services excl gasoline stations,2001,3127523
Retail sales and food services excl motor vehicle and parts and gasoline stations,2001,2311944
"Retail sales, total",2001,3062268
"Retail sales, total (excl. motor vehicle and parts dealers)",2001,2246689
GAFO(1),2001,882700
Motor vehicle and parts dealers,2001,815579
Automobile and other motor vehicle dealers,2001,754487
Automobile dealers,2001,707676
New car dealers,2001,649413
Used car dealers,2001,58263
"Automotive parts, acc., and tire stores",2001,61092
"Furniture, home furn, electronics, and appliance stores",2001,179977
Furniture and home furnishings stores,2001,91484
Furniture stores,2001,50572
Home furnishings stores,2001,40912
Floor covering stores,2001,19208
All other home furnishings stores,2001,20547
Electronics and appliance stores,2001,88493
Household appliance stores,2001,13479
Electronics stores,2001,75014
Building mat. and garden equip. and supplies dealers,2001,239379
Building mat. and supplies dealers,2001,207020
Paint and wallpaper stores,2001,8589
Hardware stores,2001,16539
Food and beverage stores,2001,462429
Grocery stores,2001,418127
Supermarkets and other grocery (except convenience) stores,2001,396538
"Beer, wine, and liquor stores",2001,29621
Health and personal care stores,2001,166533
Pharmacies and drug stores,2001,141772
Gasoline stations,2001,251383
Clothing and clothing access. stores,2001,167287
Clothing stores,2001,119208
Men's clothing stores,2001,8625
Women's clothing stores,2001,31453
Family clothing stores,2001,60150
Other clothing stores,2001,8888
Shoe stores,2001,22884
Jewelry stores,2001,23561
"Sporting goods, hobby, musical instrument, and book stores",2001,68583
Sporting goods stores,2001,26158
"Hobby, toy, and game stores",2001,16820
Book stores,2001,15098
General merchandise stores,2001,427468
Department stores,2001,228377
Department stores(excl. discount department stores),2001,90782
Discount dept. stores,2001,137595
Other general merchandise stores,2001,199091
Warehouse clubs and superstores,2001,164716
All other gen. merchandise stores,2001,34375
Miscellaneous store retailers,2001,103087
"Office supplies, stationery, and gift stores",2001,39385
Office supplies and stationery stores,2001,20885
"Gift, novelty, and souvenir stores",2001,18500
Used merchandise stores,2001,9527
Nonstore retailers,2001,180563
Electronic shopping and mail-order houses,2001,114749
Fuel dealers,2001,26093
Food services and drinking places,2001,316638
Drinking places,2001,15684
Restaurants and other eating places,2001,272634
Full service restaurants,2001,140070
Limited service eating places,2001,132564
"Retail and food services sales, total",2000,3287537
Retail sales and food services excl motor vehicle and parts,2000,2491327
Retail sales and food services excl gasoline stations,2000,3037721
Retail sales and food services excl motor vehicle and parts and gasoline stations,2000,2241511
"Retail sales, total",2000,2983276
"Retail sales, total (excl. motor vehicle and parts dealers)",2000,2187066
GAFO(1),2000,862739
Motor vehicle and parts dealers,2000,796210
Automobile and other motor vehicle dealers,2000,732771
Automobile dealers,2000,687782
New car dealers,2000,630123
Used car dealers,2000,57659
"Automotive parts, acc., and tire stores",2000,63439
"Furniture, home furn, electronics, and appliance stores",2000,181592
Furniture and home furnishings stores,2000,91170
Furniture stores,2000,50617
Home furnishings stores,2000,40553
Floor covering stores,2000,19519
All other home furnishings stores,2000,(S)
Electronics and appliance stores,2000,90422
Household appliance stores,2000,12630
Electronics stores,2000,77792
Building mat. and garden equip. and supplies dealers,2000,228994
Building mat. and supplies dealers,2000,197649
Paint and wallpaper stores,2000,(S)
Hardware stores,2000,16179
Food and beverage stores,2000,444764
Grocery stores,2000,402515
Supermarkets and other grocery (except convenience) stores,2000,(S)
"Beer, wine, and liquor stores",2000,28507
Health and personal care stores,2000,155234
Pharmacies and drug stores,2000,130857
Gasoline stations,2000,249816
Clothing and clothing access. stores,2000,167674
Clothing stores,2000,118097
Men's clothing stores,2000,9507
Women's clothing stores,2000,31447
Family clothing stores,2000,58913
Other clothing stores,2000,(S)
Shoe stores,2000,22875
Jewelry stores,2000,24821
"Sporting goods, hobby, musical instrument, and book stores",2000,67592
Sporting goods stores,2000,25308
"Hobby, toy, and game stores",2000,16947
Book stores,2000,14879
General merchandise stores,2000,404228
Department stores,2000,232475
Department stores(excl. discount department stores),2000,96282
Discount dept. stores,2000,136193
Other general merchandise stores,2000,171753
Warehouse clubs and superstores,2000,139614
All other gen. merchandise stores,2000,32139
Miscellaneous store retailers,2000,106719
"Office supplies, stationery, and gift stores",2000,41653
Office supplies and stationery stores,2000,22748
"Gift, novelty, and souvenir stores",2000,18905
Used merchandise stores,2000,9832
Nonstore retailers,2000,180453
Electronic shopping and mail-order houses,2000,113790
Fuel dealers,2000,26692
Food services and drinking places,2000,304261
Drinking places,2000,15330
Restaurants and other eating places,2000,261098
Full service restaurants,2000,133579
Limited service eating places,2000,127519
"Retail and food services sales, total",1999,3086990
Retail sales and food services excl motor vehicle and parts,1999,2322786
Retail sales and food services excl gasoline stations,1999,2874466
Retail sales and food services excl motor vehicle and parts and gasoline stations,1999,2110262
"Retail sales, total",1999,2803090
"Retail sales, total (excl. motor vehicle and parts dealers)",1999,2038886
GAFO(1),1999,815665
Motor vehicle and parts dealers,1999,764204
Automobile and other motor vehicle dealers,1999,701555
Automobile dealers,1999,661820
New car dealers,1999,606167
Used car dealers,1999,55653
"Automotive parts, acc., and tire stores",1999,62649
"Furniture, home furn, electronics, and appliance stores",1999,171657
Furniture and home furnishings stores,1999,84294
Furniture stores,1999,47022
Home furnishings stores,1999,37272
Floor covering stores,1999,18409
All other home furnishings stores,1999,(S)
Electronics and appliance stores,1999,87363
Household appliance stores,1999,12082
Electronics stores,1999,75281
Building mat. and garden equip. and supplies dealers,1999,218290
Building mat. and supplies dealers,1999,187916
Paint and wallpaper stores,1999,(S)
Hardware stores,1999,15586
Food and beverage stores,1999,433699
Grocery stores,1999,394250
Supermarkets and other grocery (except convenience) stores,1999,(S)
"Beer, wine, and liquor stores",1999,26476
Health and personal care stores,1999,142699
Pharmacies and drug stores,1999,121282
Gasoline stations,1999,212524
Clothing and clothing access. stores,1999,159751
Clothing stores,1999,111681
Men's clothing stores,1999,9667
Women's clothing stores,1999,29549
Family clothing stores,1999,55318
Other clothing stores,1999,(S)
Shoe stores,1999,22690
Jewelry stores,1999,23691
"Sporting goods, hobby, musical instrument, and book stores",1999,64072
Sporting goods stores,1999,23699
"Hobby, toy, and game stores",1999,16651
Book stores,1999,14172
General merchandise stores,1999,380179
Department stores,1999,230304
Department stores(excl. discount department stores),1999,96652
Discount dept. stores,1999,133652
Other general merchandise stores,1999,149875
Warehouse clubs and superstores,1999,118809
All other gen. merchandise stores,1999,31066
Miscellaneous store retailers,1999,104218
"Office supplies, stationery, and gift stores",1999,40006
Office supplies and stationery stores,1999,21600
"Gift, novelty, and souvenir stores",1999,18406
Used merchandise stores,1999,9377
Nonstore retailers,1999,151797
Electronic shopping and mail-order houses,1999,94282
Fuel dealers,1999,19912
Food services and drinking places,1999,283900
Drinking places,1999,14530
Restaurants and other eating places,1999,244761
Full service restaurants,1999,125108
Limited service eating places,1999,119653
"Retail and food services sales, total",1998,2852956
Retail sales and food services excl motor vehicle and parts,1998,2164541
Retail sales and food services excl gasoline stations,1998,2661229
Retail sales and food services excl motor vehicle and parts and gasoline stations,1998,1972814
"Retail sales, total",1998,2581762
"Retail sales, total (excl. motor vehicle and parts dealers)",1998,1893347
GAFO(1),1998,757936
Motor vehicle and parts dealers,1998,688415
Automobile and other motor vehicle dealers,1998,628416
Automobile dealers,1998,593501
New car dealers,1998,542559
Used car dealers,1998,50942
"Automotive parts, acc., and tire stores",1998,59999
"Furniture, home furn, electronics, and appliance stores",1998,160143
Furniture and home furnishings stores,1998,77412
Furniture stores,1998,44110
Home furnishings stores,1998,33302
Floor covering stores,1998,16961
All other home furnishings stores,1998,(S)
Electronics and appliance stores,1998,82731
Household appliance stores,1998,11099
Electronics stores,1998,71632
Building mat. and garden equip. and supplies dealers,1998,202423
Building mat. and supplies dealers,1998,172201
Paint and wallpaper stores,1998,(S)
Hardware stores,1998,14965
Food and beverage stores,1998,416525
Grocery stores,1998,378188
Supermarkets and other grocery (except convenience) stores,1998,(S)
"Beer, wine, and liquor stores",1998,25382
Health and personal care stores,1998,129583
Pharmacies and drug stores,1998,108415
Gasoline stations,1998,191727
Clothing and clothing access. stores,1998,149151
Clothing stores,1998,104128
Men's clothing stores,1998,10196
Women's clothing stores,1998,28332
Family clothing stores,1998,50154
Other clothing stores,1998,(S)
Shoe stores,1998,22238
Jewelry stores,1998,21271
"Sporting goods, hobby, musical instrument, and book stores",1998,60441
Sporting goods stores,1998,22284
"Hobby, toy, and game stores",1998,15833
Book stores,1998,13282
General merchandise stores,1998,351081
Department stores,1998,223290
Department stores(excl. discount department stores),1998,94308
Discount dept. stores,1998,128982
Other general merchandise stores,1998,127791
Warehouse clubs and superstores,1998,98493
All other gen. merchandise stores,1998,29298
Miscellaneous store retailers,1998,98369
"Office supplies, stationery, and gift stores",1998,37120
Office supplies and stationery stores,1998,19522
"Gift, novelty, and souvenir stores",1998,17598
Used merchandise stores,1998,9023
Nonstore retailers,1998,133904
Electronic shopping and mail-order houses,1998,80297
Fuel dealers,1998,18925
Food services and drinking places,1998,271194
Drinking places,1998,13957
Restaurants and other eating places,1998,234940
Full service restaurants,1998,119432
Limited service eating places,1998,115508
"Retail and food services sales, total",1997,2726131
Retail sales and food services excl motor vehicle and parts,1997,2072314
Retail sales and food services excl gasoline stations,1997,2526431
Retail sales and food services excl motor vehicle and parts and gasoline stations,1997,1872614
"Retail sales, total",1997,2468767
"Retail sales, total (excl. motor vehicle and parts dealers)",1997,1814950
GAFO(1),1997,713387
Motor vehicle and parts dealers,1997,653817
Automobile and other motor vehicle dealers,1997,595273
Automobile dealers,1997,564658
New car dealers,1997,518972
Used car dealers,1997,45686
"Automotive parts, acc., and tire stores",1997,58544
"Furniture, home furn, electronics, and appliance stores",1997,150372
Furniture and home furnishings stores,1997,72715
Furniture stores,1997,41877
Home furnishings stores,1997,30838
Floor covering stores,1997,16050
All other home furnishings stores,1997,(S)
Electronics and appliance stores,1997,77657
Household appliance stores,1997,10374
Electronics stores,1997,67283
Building mat. and garden equip. and supplies dealers,1997,191063
Building mat. and supplies dealers,1997,162068
Paint and wallpaper stores,1997,(S)
Hardware stores,1997,13952
Food and beverage stores,1997,409373
Grocery stores,1997,372570
Supermarkets and other grocery (except convenience) stores,1997,(S)
"Beer, wine, and liquor stores",1997,24081
Health and personal care stores,1997,118672
Pharmacies and drug stores,1997,98823
Gasoline stations,1997,199700
Clothing and clothing access. stores,1997,140293
Clothing stores,1997,97722
Men's clothing stores,1997,10069
Women's clothing stores,1997,27822
Family clothing stores,1997,45243
Other clothing stores,1997,(S)
Shoe stores,1997,21450
Jewelry stores,1997,19629
"Sporting goods, hobby, musical instrument, and book stores",1997,57692
Sporting goods stores,1997,21167
"Hobby, toy, and game stores",1997,15021
Book stores,1997,12742
General merchandise stores,1997,331363
Department stores,1997,220108
Department stores(excl. discount department stores),1997,93985
Discount dept. stores,1997,126123
Other general merchandise stores,1997,111255
Warehouse clubs and superstores,1997,81919
All other gen. merchandise stores,1997,29336
Miscellaneous store retailers,1997,90232
"Office supplies, stationery, and gift stores",1997,33667
Office supplies and stationery stores,1997,17334
"Gift, novelty, and souvenir stores",1997,16333
Used merchandise stores,1997,8058
Nonstore retailers,1997,126190
Electronic shopping and mail-order houses,1997,70067
Fuel dealers,1997,21941
Food services and drinking places,1997,257364
Drinking places,1997,13379
Restaurants and other eating places,1997,223308
Full service restaurants,1997,114186
Limited service eating places,1997,109122
"Retail and food services sales, total",1996,2603794
Retail sales and food services excl motor vehicle and parts,1996,1976287
Retail sales and food services excl gasoline stations,1996,2409369
Retail sales and food services excl motor vehicle and parts and gasoline stations,1996,1781862
"Retail sales, total",1996,2361549
"Retail sales, total (excl. motor vehicle and parts dealers)",1996,1734042
GAFO(1),1996,682613
Motor vehicle and parts dealers,1996,627507
Automobile and other motor vehicle dealers,1996,571943
Automobile dealers,1996,543949
New car dealers,1996,502340
Used car dealers,1996,41609
"Automotive parts, acc., and tire stores",1996,55564
"Furniture, home furn, electronics, and appliance stores",1996,143767
Furniture and home furnishings stores,1996,67707
Furniture stores,1996,39168
Home furnishings stores,1996,28539
Floor covering stores,1996,14639
All other home furnishings stores,1996,(S)
Electronics and appliance stores,1996,76060
Household appliance stores,1996,10215
Electronics stores,1996,(S)
Building mat. and garden equip. and supplies dealers,1996,176683
Building mat. and supplies dealers,1996,150453
Paint and wallpaper stores,1996,(S)
Hardware stores,1996,13907
Food and beverage stores,1996,401073
Grocery stores,1996,365547
Supermarkets and other grocery (except convenience) stores,1996,(S)
"Beer, wine, and liquor stores",1996,23157
Health and personal care stores,1996,109557
Pharmacies and drug stores,1996,91810
Gasoline stations,1996,194425
Clothing and clothing access. stores,1996,136581
Clothing stores,1996,93712
Men's clothing stores,1996,9546
Women's clothing stores,1996,28238
Family clothing stores,1996,42259
Other clothing stores,1996,(S)
Shoe stores,1996,21235
Jewelry stores,1996,20169
"Sporting goods, hobby, musical instrument, and book stores",1996,56071
Sporting goods stores,1996,20810
"Hobby, toy, and game stores",1996,14502
Book stores,1996,11905
General merchandise stores,1996,315305
Department stores,1996,212203
Department stores(excl. discount department stores),1996,92172
Discount dept. stores,1996,120031
Other general merchandise stores,1996,103102
Warehouse clubs and superstores,1996,73079
All other gen. merchandise stores,1996,30023
Miscellaneous store retailers,1996,82819
"Office supplies, stationery, and gift stores",1996,30889
Office supplies and stationery stores,1996,15592
"Gift, novelty, and souvenir stores",1996,15297
Used merchandise stores,1996,7256
Nonstore retailers,1996,117761
Electronic shopping and mail-order houses,1996,61106
Fuel dealers,1996,22563
Food services and drinking places,1996,242245
Drinking places,1996,12949
Restaurants and other eating places,1996,210149
Full service restaurants,1996,104113
Limited service eating places,1996,106036
"Retail and food services sales, total",1995,2450628
Retail sales and food services excl motor vehicle and parts,1995,1870913
Retail sales and food services excl gasoline stations,1995,2269515
Retail sales and food services excl motor vehicle and parts and gasoline stations,1995,1689800
"Retail sales, total",1995,2217616
"Retail sales, total (excl. motor vehicle and parts dealers)",1995,1637901
GAFO(1),1995,650040
Motor vehicle and parts dealers,1995,579715
Automobile and other motor vehicle dealers,1995,527812
Automobile dealers,1995,501684
New car dealers,1995,464642
Used car dealers,1995,37042
"Automotive parts, acc., and tire stores",1995,51903
"Furniture, home furn, electronics, and appliance stores",1995,135849
Furniture and home furnishings stores,1995,63470
Furniture stores,1995,36977
Home furnishings stores,1995,26493
Floor covering stores,1995,13704
All other home furnishings stores,1995,(S)
Electronics and appliance stores,1995,72379
Household appliance stores,1995,9980
Electronics stores,1995,(S)
Building mat. and garden equip. and supplies dealers,1995,164561
Building mat. and supplies dealers,1995,141028
Paint and wallpaper stores,1995,(S)
Hardware stores,1995,13718
Food and beverage stores,1995,390386
Grocery stores,1995,356409
Supermarkets and other grocery (except convenience) stores,1995,(S)
"Beer, wine, and liquor stores",1995,22007
Health and personal care stores,1995,101635
Pharmacies and drug stores,1995,85840
Gasoline stations,1995,181113
Clothing and clothing access. stores,1995,131333
Clothing stores,1995,90708
Men's clothing stores,1995,9315
Women's clothing stores,1995,28696
Family clothing stores,1995,39999
Other clothing stores,1995,(S)
Shoe stores,1995,20341
Jewelry stores,1995,19007
"Sporting goods, hobby, musical instrument, and book stores",1995,53033
Sporting goods stores,1995,19869
"Hobby, toy, and game stores",1995,13714
Book stores,1995,11196
General merchandise stores,1995,300498
Department stores,1995,205920
Department stores(excl. discount department stores),1995,89300
Discount dept. stores,1995,116620
Other general merchandise stores,1995,94578
Warehouse clubs and superstores,1995,65101
All other gen. merchandise stores,1995,29477
Miscellaneous store retailers,1995,75977
"Office supplies, stationery, and gift stores",1995,29327
Office supplies and stationery stores,1995,14824
"Gift, novelty, and souvenir stores",1995,14503
Used merchandise stores,1995,6617
Nonstore retailers,1995,103516
Electronic shopping and mail-order houses,1995,52680
Fuel dealers,1995,19820
Food services and drinking places,1995,233012
Drinking places,1995,12452
Restaurants and other eating places,1995,202050
Full service restaurants,1995,99032
Limited service eating places,1995,103018
"Retail and food services sales, total",1994,2330235
Retail sales and food services excl motor vehicle and parts,1994,1789094
Retail sales and food services excl gasoline stations,1994,2159013
Retail sales and food services excl motor vehicle and parts and gasoline stations,1994,1617872
"Retail sales, total",1994,2105235
"Retail sales, total (excl. motor vehicle and parts dealers)",1994,1564094
GAFO(1),1994,616347
Motor vehicle and parts dealers,1994,541141
Automobile and other motor vehicle dealers,1994,491901
Automobile dealers,1994,468100
New car dealers,1994,435661
Used car dealers,1994,32439
"Automotive parts, acc., and tire stores",1994,49240
"Furniture, home furn, electronics, and appliance stores",1994,124786
Furniture and home furnishings stores,1994,60416
Furniture stores,1994,35503
Home furnishings stores,1994,24913
Floor covering stores,1994,12765
All other home furnishings stores,1994,(S)
Electronics and appliance stores,1994,64370
Household appliance stores,1994,9045
Electronics stores,1994,(S)
Building mat. and garden equip. and supplies dealers,1994,157228
Building mat. and supplies dealers,1994,135099
Paint and wallpaper stores,1994,(S)
Hardware stores,1994,13778
Food and beverage stores,1994,384340
Grocery stores,1994,350523
Supermarkets and other grocery (except convenience) stores,1994,(S)
"Beer, wine, and liquor stores",1994,22101
Health and personal care stores,1994,96363
Pharmacies and drug stores,1994,81994
Gasoline stations,1994,171222
Clothing and clothing access. stores,1994,129083
Clothing stores,1994,90161
Men's clothing stores,1994,10032
Women's clothing stores,1994,30585
Family clothing stores,1994,38103
Other clothing stores,1994,(S)
Shoe stores,1994,19907
Jewelry stores,1994,17852
"Sporting goods, hobby, musical instrument, and book stores",1994,50145
Sporting goods stores,1994,18825
"Hobby, toy, and game stores",1994,12850
Book stores,1994,10107
General merchandise stores,1994,285190
Department stores,1994,198945
Department stores(excl. discount department stores),1994,89402
Discount dept. stores,1994,109543
Other general merchandise stores,1994,86245
Warehouse clubs and superstores,1994,57756
All other gen. merchandise stores,1994,28489
Miscellaneous store retailers,1994,69457
"Office supplies, stationery, and gift stores",1994,27143
Office supplies and stationery stores,1994,13235
"Gift, novelty, and souvenir stores",1994,13908
Used merchandise stores,1994,6125
Nonstore retailers,1994,96280
Electronic shopping and mail-order houses,1994,47037
Fuel dealers,1994,18700
Food services and drinking places,1994,225000
Drinking places,1994,11762
Restaurants and other eating places,1994,195025
Full service restaurants,1994,96683
Limited service eating places,1994,98342
"Retail and food services sales, total",1993,2153095
Retail sales and food services excl motor vehicle and parts,1993,1680179
Retail sales and food services excl gasoline stations,1993,1990719
Retail sales and food services excl motor vehicle and parts and gasoline stations,1993,1517803
"Retail sales, total",1993,1937628
"Retail sales, total (excl. motor vehicle and parts dealers)",1993,1464712
GAFO(1),1993,570782
Motor vehicle and parts dealers,1993,472916
Automobile and other motor vehicle dealers,1993,428106
Automobile dealers,1993,407126
New car dealers,1993,379522
Used car dealers,1993,27604
"Automotive parts, acc., and tire stores",1993,44810
"Furniture, home furn, electronics, and appliance stores",1993,110588
Furniture and home furnishings stores,1993,55456
Furniture stores,1993,33299
Home furnishings stores,1993,22157
Floor covering stores,1993,11460
All other home furnishings stores,1993,(S)
Electronics and appliance stores,1993,55132
Household appliance stores,1993,9137
Electronics stores,1993,(S)
Building mat. and garden equip. and supplies dealers,1993,140964
Building mat. and supplies dealers,1993,120426
Paint and wallpaper stores,1993,(S)
Hardware stores,1993,13000
Food and beverage stores,1993,374516
Grocery stores,1993,341318
Supermarkets and other grocery (except convenience) stores,1993,(S)
"Beer, wine, and liquor stores",1993,21538
Health and personal care stores,1993,92594
Pharmacies and drug stores,1993,79707
Gasoline stations,1993,162376
Clothing and clothing access. stores,1993,124749
Clothing stores,1993,88127
Men's clothing stores,1993,9962
Women's clothing stores,1993,32350
Family clothing stores,1993,35297
Other clothing stores,1993,(S)
Shoe stores,1993,19028
Jewelry stores,1993,16429
"Sporting goods, hobby, musical instrument, and book stores",1993,45573
Sporting goods stores,1993,16791
"Hobby, toy, and game stores",1993,11651
Book stores,1993,9108
General merchandise stores,1993,265996
Department stores,1993,187685
Department stores(excl. discount department stores),1993,86325
Discount dept. stores,1993,101360
Other general merchandise stores,1993,78311
Warehouse clubs and superstores,1993,46628
All other gen. merchandise stores,1993,31683
Miscellaneous store retailers,1993,61545
"Office supplies, stationery, and gift stores",1993,23876
Office supplies and stationery stores,1993,11127
"Gift, novelty, and souvenir stores",1993,12749
Used merchandise stores,1993,6136
Nonstore retailers,1993,85811
Electronic shopping and mail-order houses,1993,40677
Fuel dealers,1993,17566
Food services and drinking places,1993,215467
Drinking places,1993,12141
Restaurants and other eating places,1993,185719
Full service restaurants,1993,91122
Limited service eating places,1993,94597
"Retail and food services sales, total",1992,2014102
Retail sales and food services excl motor vehicle and parts,1992,1595709
Retail sales and food services excl gasoline stations,1992,1857778
Retail sales and food services excl motor vehicle and parts and gasoline stations,1992,1439385
"Retail sales, total",1992,1811237
"Retail sales, total (excl. motor vehicle and parts dealers)",1992,1392844
GAFO(1),1992,533388
Motor vehicle and parts dealers,1992,418393
Automobile and other motor vehicle dealers,1992,376470
Automobile dealers,1992,358444
New car dealers,1992,333801
Used car dealers,1992,24643
"Automotive parts, acc., and tire stores",1992,41923
"Furniture, home furn, electronics, and appliance stores",1992,101027
Furniture and home furnishings stores,1992,52336
Furniture stores,1992,31552
Home furnishings stores,1992,20784
Floor covering stores,1992,10597
All other home furnishings stores,1992,(S)
Electronics and appliance stores,1992,48691
Household appliance stores,1992,8437
Electronics stores,1992,(S)
Building mat. and garden equip. and supplies dealers,1992,130989
Building mat. and supplies dealers,1992,110315
Paint and wallpaper stores,1992,(S)
Hardware stores,1992,12670
Food and beverage stores,1992,370513
Grocery stores,1992,337370
Supermarkets and other grocery (except convenience) stores,1992,(S)
"Beer, wine, and liquor stores",1992,21687
Health and personal care stores,1992,89705
Pharmacies and drug stores,1992,77791
Gasoline stations,1992,156324
Clothing and clothing access. stores,1992,120103
Clothing stores,1992,85370
Men's clothing stores,1992,10179
Women's clothing stores,1992,31815
Family clothing stores,1992,33146
Other clothing stores,1992,(S)
Shoe stores,1992,18616
Jewelry stores,1992,15045
"Sporting goods, hobby, musical instrument, and book stores",1992,42966
Sporting goods stores,1992,15583
"Hobby, toy, and game stores",1992,11251
Book stores,1992,8327
General merchandise stores,1992,247876
Department stores,1992,177089
Department stores(excl. discount department stores),1992,85153
Discount dept. stores,1992,91936
Other general merchandise stores,1992,70787
Warehouse clubs and superstores,1992,40025
All other gen. merchandise stores,1992,30762
Miscellaneous store retailers,1992,54840
"Office supplies, stationery, and gift stores",1992,21416
Office supplies and stationery stores,1992,9184
"Gift, novelty, and souvenir stores",1992,12232
Used merchandise stores,1992,5567
Nonstore retailers,1992,78501
Electronic shopping and mail-order houses,1992,35210
Fuel dealers,1992,16665
Food services and drinking places,1992,202865
Drinking places,1992,12281
Restaurants and other eating places,1992,173468
Full service restaurants,1992,86208
Limited service eating places,1992,87260
